TimeStep,Vel,Enc1,Enc2,SteerDegCmd,SteerDegMega,Stepper,State,X,Y,YawDeg,CurrentSeg,UturnActive,UturnDir
0,0.10864540742715954,-117109,104626,0,0,0.0,APPROACHING,1.7849283184612375,0.5,0.0,0,False,
1,0.10502389384625421,-117109,104626,0,0,0.0,APPROACHING,1.795430707845863,0.5,0.0,0,False,
2,0.10152309738471242,-117109,104626,0,0,0.0,APPROACHING,1.8055830175843341,0.5,0.0,0,False,
3,0.09813899413855531,-117109,104626,0,0,0.0,APPROACHING,1.8153969169981896,0.5,0.0,0,False,
4,0.09486769433393683,-117109,104626,0,0,0.0,APPROACHING,1.8248836864315834,0.5,0.0,0,False,
5,0.09170543785613891,-117109,104626,0,0,0.0,APPROACHING,1.8340542302171974,0.5,0.0,0,False,
6,0.08864858992760091,-117109,104626,0,0,0.0,APPROACHING,1.8429190892099574,0.5,0.0,0,False,
7,0.08569363693001425,-117109,104626,0,0,0.0,APPROACHING,1.8514884529029587,0.5,0.0,0,False,
8,0.08283718236568047,-117109,104626,0,0,0.0,APPROACHING,1.8597721711395268,0.5,0.0,0,False,
9,0.08007594295349113,-117109,104626,0,0,0.0,APPROACHING,1.8677797654348758,0.5,0.0,0,False,
10,0.07740674485504145,-117109,104626,0,0,0.0,APPROACHING,1.87552043992038,0.5,0.0,0,False,
11,0.07482652002654004,-117109,104626,0,0,0.0,APPROACHING,1.883003091923034,0.5,0.0,0,False,
12,0.07233230269232202,-117109,104626,0,0,0.0,APPROACHING,1.8902363221922662,0.5,0.0,0,False,
13,0.0699212259359113,-117109,104626,0,0,0.0,APPROACHING,1.8972284447858574,0.5,0.0,0,False,
14,0.06759051840471424,-117109,104626,0,0,0.0,APPROACHING,1.9039874966263288,0.5,0.0,0,False,
15,0.06533750112455709,-117905,105349,0,0,0.0,APPROACHING,1.9105212467387844,0.5,0.0,0,False,
16,0.06315958442040523,-117905,105349,0,0,0.0,APPROACHING,1.916837205180825,0.5,0.0,0,False,
17,0.06105426493972507,-117905,105349,0,0,0.0,APPROACHING,1.9229426316747975,0.5,0.0,0,False,
18,0.05901912277506754,-117905,105349,0,0,0.0,APPROACHING,1.9288445439523043,0.5,0.0,0,False,
19,0.05705181868256526,-117905,105349,0,0,0.0,APPROACHING,1.9345497258205608,0.5,0.0,0,False,
20,0.055150091393146417,-117905,105349,0,0,0.0,APPROACHING,1.9400647349598754,0.5,0.0,0,False,
21,0.0533117550133749,-117905,105349,0,0,0.0,APPROACHING,1.9453959104612129,0.5,0.0,0,False,
22,0.05153469651292908,-117905,105349,0,0,0.0,APPROACHING,1.9505493801125058,0.5,0.0,0,False,
23,0.04981687329583144,-117905,105349,0,0,0.0,APPROACHING,1.955531067442089,0.5,0.0,0,False,
24,0.04815631085263705,-117905,105349,0,0,0.0,APPROACHING,1.9603466985273525,0.5,0.0,0,False,
25,0.04655110049088251,-117905,105349,0,0,0.0,APPROACHING,1.965001808576441,0.5,0.0,0,False,
26,0.04499939714118639,-117905,105349,0,0,0.0,APPROACHING,1.9695017482905595,0.5,0.0,0,False,
27,0.04349941723648021,-117905,105349,0,0,0.0,APPROACHING,1.9738516900142076,0.5,0.0,0,False,
28,0.04204943666193084,-117905,105349,0,0,0.0,APPROACHING,1.9780566336804006,0.5,0.0,0,False,
29,0.04064778877319983,-117905,105349,0,0,0.0,APPROACHING,1.9821214125577207,0.5,0.0,0,False,
30,0.0,-117905,105349,0,0,0.0,STOPPING,1.9821214125577207,0.5,0.0,0,False,
31,0.0,-118351,105732,0,0,0.0,STOPPING,1.9821214125577207,0.5,0.0,0,False,
32,0.0,-118351,105732,0,0,0.0,STOPPING,1.9821214125577207,0.5,0.0,0,False,
33,0.0,-118351,105732,0,0,0.0,STEPPER_DOWN,1.9821214125577207,0.5,0.0,0,False,
34,0.0,-118351,105732,0,0,0.045454545454545456,STEPPER_DOWN,1.9821214125577207,0.5,0.0,0,False,
35,0.0,-118351,105732,0,0,0.09090909090909091,STEPPER_DOWN,1.9821214125577207,0.5,0.0,0,False,
36,0.0,-118351,105732,0,0,0.13636363636363638,STEPPER_DOWN,1.9821214125577207,0.5,0.0,0,False,
37,0.0,-118351,105732,0,0,0.18181818181818182,STEPPER_DOWN,1.9821214125577207,0.5,0.0,0,False,
38,0.0,-118351,105732,0,0,0.22727272727272727,STEPPER_DOWN,1.9821214125577207,0.5,0.0,0,False,
39,0.0,-118351,105732,0,0,0.2727272727272727,STEPPER_DOWN,1.9821214125577207,0.5,0.0,0,False,
40,0.0,-118351,105732,0,0,0.3181818181818181,STEPPER_DOWN,1.9821214125577207,0.5,0.0,0,False,
41,0.0,-118351,105732,0,0,0.3636363636363636,STEPPER_DOWN,1.9821214125577207,0.5,0.0,0,False,
42,0.0,-118351,105732,0,0,0.409090909090909,STEPPER_DOWN,1.9821214125577207,0.5,0.0,0,False,
43,0.0,-118351,105732,0,0,0.4545454545454545,STEPPER_DOWN,1.9821214125577207,0.5,0.0,0,False,
44,0.0,-118351,105732,0,0,0.4999999999999999,STEPPER_DOWN,1.9821214125577207,0.5,0.0,0,False,
45,0.0,-118351,105732,0,0,0.5454545454545454,STEPPER_DOWN,1.9821214125577207,0.5,0.0,0,False,
46,0.0,-118351,105732,0,0,0.5909090909090908,STEPPER_DOWN,1.9821214125577207,0.5,0.0,0,False,
47,0.0,-118351,105732,0,0,0.6363636363636364,STEPPER_DOWN,1.9821214125577207,0.5,0.0,0,False,
48,0.0,-118386,105739,0,0,0.6818181818181819,STEPPER_DOWN,1.9821214125577207,0.5,0.0,0,False,
49,0.0,-118386,105739,0,0,0.7272727272727274,STEPPER_DOWN,1.9821214125577207,0.5,0.0,0,False,
50,0.0,-118386,105739,0,0,0.7727272727272728,STEPPER_DOWN,1.9821214125577207,0.5,0.0,0,False,
51,0.0,-118386,105739,0,0,0.8181818181818183,STEPPER_DOWN,1.9821214125577207,0.5,0.0,0,False,
52,0.0,-118386,105739,0,0,0.8636363636363639,STEPPER_DOWN,1.9821214125577207,0.5,0.0,0,False,
53,0.0,-118386,105739,0,0,0.9090909090909092,STEPPER_DOWN,1.9821214125577207,0.5,0.0,0,False,
54,0.0,-118386,105739,0,0,0.9545454545454547,STEPPER_DOWN,1.9821214125577207,0.5,0.0,0,False,
55,0.0,-118386,105739,0,0,1.0,BENIH_BUKA,1.9821214125577207,0.5,0.0,0,False,
56,0.0,-118386,105739,0,0,1.0,BENIH_BUKA,1.9821214125577207,0.5,0.0,0,False,
57,0.0,-118386,105739,0,0,1.0,BENIH_BUKA,1.9821214125577207,0.5,0.0,0,False,
58,0.0,-118386,105739,0,0,1.0,BENIH_BUKA,1.9821214125577207,0.5,0.0,0,False,
59,0.0,-118386,105739,0,0,1.0,BENIH_BUKA,1.9821214125577207,0.5,0.0,0,False,
60,0.0,-118386,105739,0,0,1.0,BENIH_DORONG,1.9821214125577207,0.5,0.0,0,False,
61,0.0,-118386,105739,0,0,1.0,HOLDING,1.9821214125577207,0.5,0.0,0,False,
62,0.0,-118386,105739,0,0,1.0,HOLDING,1.9821214125577207,0.5,0.0,0,False,
63,0.0,-118386,105739,0,0,1.0,STEPPER_UP,1.9821214125577207,0.5,0.0,0,False,
64,0.0,-118386,105739,0,0,0.9545454545454546,STEPPER_UP,1.9821214125577207,0.5,0.0,0,False,
65,0.0,-118386,105739,0,0,0.9090909090909091,STEPPER_UP,1.9821214125577207,0.5,0.0,0,False,
66,0.0,-118386,105739,0,0,0.8636363636363636,STEPPER_UP,1.9821214125577207,0.5,0.0,0,False,
67,0.0,-118386,105739,0,0,0.8181818181818181,STEPPER_UP,1.9821214125577207,0.5,0.0,0,False,
68,0.0,-118386,105739,0,0,0.7727272727272727,STEPPER_UP,1.9821214125577207,0.5,0.0,0,False,
69,0.0,-118386,105739,0,0,0.7272727272727273,STEPPER_UP,1.9821214125577207,0.5,0.0,0,False,
70,0.0,-118386,105739,0,0,0.6818181818181819,STEPPER_UP,1.9821214125577207,0.5,0.0,0,False,
71,0.0,-118386,105739,0,0,0.6363636363636365,STEPPER_UP,1.9821214125577207,0.5,0.0,0,False,
72,0.0,-118386,105739,0,0,0.590909090909091,STEPPER_UP,1.9821214125577207,0.5,0.0,0,False,
73,0.0,-118386,105739,0,0,0.5454545454545455,STEPPER_UP,1.9821214125577207,0.5,0.0,0,False,
74,0.0,-118386,105739,0,0,0.5000000000000001,STEPPER_UP,1.9821214125577207,0.5,0.0,0,False,
75,0.0,-118386,105739,0,0,0.4545454545454546,STEPPER_UP,1.9821214125577207,0.5,0.0,0,False,
76,0.0,-118386,105739,0,0,0.40909090909090917,STEPPER_UP,1.9821214125577207,0.5,0.0,0,False,
77,0.0,-118386,105739,0,0,0.36363636363636365,STEPPER_UP,1.9821214125577207,0.5,0.0,0,False,
78,0.0,-118386,105739,0,0,0.3181818181818181,STEPPER_UP,1.9821214125577207,0.5,0.0,0,False,
79,0.0,-118386,105739,0,0,0.2727272727272726,STEPPER_UP,1.9821214125577207,0.5,0.0,0,False,
80,0.0,-118386,105739,0,0,0.22727272727272718,STEPPER_UP,1.9821214125577207,0.5,0.0,0,False,
81,0.0,-118386,105739,0,0,0.18181818181818166,STEPPER_UP,1.9821214125577207,0.5,0.0,0,False,
82,0.0,-118386,105739,0,0,0.13636363636363613,STEPPER_UP,1.9821214125577207,0.5,0.0,0,False,
83,0.0,-118386,105739,0,0,0.09090909090909083,STEPPER_UP,1.9821214125577207,0.5,0.0,0,False,
84,0.0,-118386,105739,0,0,0.0454545454545453,STEPPER_UP,1.9821214125577207,0.5,0.0,0,False,
85,0.0,-118386,105739,0,0,0.0,WAITING,1.9821214125577207,0.5,0.0,0,False,
86,0.0,-118386,105739,0,0,0.0,WAITING,1.9821214125577207,0.5,0.0,0,False,
87,0.0,-118386,105739,0,0,0.0,MOVING,1.9821214125577207,0.5,0.0,0,False,
88,0.2,-118386,105739,0,0,0.0,MOVING,2.0021214125577207,0.5,0.0,0,False,
89,0.2,-118386,105739,0,0,0.0,MOVING,2.0221214125577207,0.5,0.0,0,False,
90,0.2,-118386,105739,0,0,0.0,MOVING,2.0421214125577207,0.5,0.0,0,False,
91,0.2,-118386,105739,0,0,0.0,MOVING,2.0621214125577207,0.5,0.0,0,False,
92,0.2,-118386,105739,0,0,0.0,MOVING,2.0821214125577208,0.5,0.0,0,False,
93,0.2,-118386,105739,0,0,0.0,MOVING,2.102121412557721,0.5,0.0,0,False,
94,0.2,-118386,105739,0,0,0.0,MOVING,2.122121412557721,0.5,0.0,0,False,
95,0.2,-118386,105739,0,0,0.0,MOVING,2.142121412557721,0.5,0.0,0,False,
96,0.2,-118386,105739,0,0,0.0,MOVING,2.162121412557721,0.5,0.0,0,False,
97,0.2,-118568,105909,0,0,0.0,MOVING,2.182121412557721,0.5,0.0,0,False,
98,0.2,-118568,105909,0,0,0.0,MOVING,2.202121412557721,0.5,0.0,0,False,
99,0.2,-118568,105909,0,0,0.0,MOVING,2.222121412557721,0.5,0.0,0,False,
100,0.2,-118568,105909,0,0,0.0,MOVING,2.242121412557721,0.5,0.0,0,False,
101,0.2,-118568,105909,0,0,0.0,MOVING,2.262121412557721,0.5,0.0,0,False,
102,0.2,-118568,105909,0,0,0.0,MOVING,2.282121412557721,0.5,0.0,0,False,
103,0.2,-118568,105909,0,0,0.0,MOVING,2.302121412557721,0.5,0.0,0,False,
104,0.2,-118568,105909,0,0,0.0,APPROACHING,2.322121412557721,0.5,0.0,0,False,
105,0.19262619581409313,-118568,105909,0,0,0.0,APPROACHING,2.34138403213913,0.5,0.0,0,False,
106,0.1862053226202901,-118568,105909,0,0,0.0,APPROACHING,2.360004564401159,0.5,0.0,0,False,
107,0.1799984785329471,-118568,105909,0,0,0.0,APPROACHING,2.378004412254454,0.5,0.0,0,False,
108,0.1739985292485155,-118568,105909,0,0,0.0,APPROACHING,2.3954042651793053,0.5,0.0,0,False,
109,0.16819857827356505,-118568,105909,0,0,0.0,APPROACHING,2.412224123006662,0.5,0.0,0,False,
110,0.1625919589977795,-118568,105909,0,0,0.0,APPROACHING,2.42848331890644,0.5,0.0,0,False,
111,0.15717222703118683,-118568,105909,0,0,0.0,APPROACHING,2.4442005416095585,0.5,0.0,0,False,
112,0.15193315279681396,-118568,105909,0,0,0.0,APPROACHING,2.45939385688924,0.5,0.0,0,False,
113,0.14686871437025348,-119666,106916,0,0,0.0,APPROACHING,2.4740807283262654,0.5,0.0,0,False,
114,0.14197309055791169,-119666,106916,0,0,0.0,APPROACHING,2.4882780373820563,0.5,0.0,0,False,
115,0.13724065420598136,-119666,106916,0,0,0.0,APPROACHING,2.5020021028026544,0.5,0.0,0,False,
116,0.13266596573244865,-119666,106916,0,0,0.0,APPROACHING,2.5152686993758993,0.5,0.0,0,False,
117,0.12824376687470038,-119666,106916,0,0,0.0,APPROACHING,2.528093076063369,0.5,0.0,0,False,
118,0.12396897464554378,-119666,106916,0,0,0.0,APPROACHING,2.5404899735279236,0.5,0.0,0,False,
119,0.11983667549069227,-119666,106916,0,0,0.0,APPROACHING,2.552473641076993,0.5,0.0,0,False,
120,0.11584211964100254,-119666,106916,0,0,0.0,APPROACHING,2.564057853041093,0.5,0.0,0,False,
121,0.11198071565296917,-119666,106916,0,0,0.0,APPROACHING,2.57525592460639,0.5,0.0,0,False,
122,0.10824802513120346,-119666,106916,0,0,0.0,APPROACHING,2.5860807271195103,0.5,0.0,0,False,
123,0.10463975762683003,-119666,106916,0,0,0.0,APPROACHING,2.5965447028821935,0.5,0.0,0,False,
124,0.10115176570593563,-119666,106916,0,0,0.0,APPROACHING,2.606659879452787,0.5,0.0,0,False,
125,0.09778004018240444,-119666,106916,0,0,0.0,APPROACHING,2.6164378834710273,0.5,0.0,0,False,
126,0.09452070550965769,-119666,106916,0,0,0.0,APPROACHING,2.6258899540219933,0.5,0.0,0,False,
127,0.09137001532600236,-119666,106916,0,0,0.0,APPROACHING,2.6350269555545935,0.5,0.0,0,False,
128,0.08832434814846896,-119666,106916,0,0,0.0,APPROACHING,2.6438593903694403,0.5,0.0,0,False,
129,0.08538020321018669,-120574,107769,0,0,0.0,APPROACHING,2.652397410690459,0.5,0.0,0,False,
130,0.08253419643651377,-120574,107769,0,0,0.0,APPROACHING,2.6606508303341103,0.5,0.0,0,False,
131,0.07978305655529669,-120574,107769,0,0,0.0,APPROACHING,2.66862913598964,0.5,0.0,0,False,
132,0.07712362133678674,-120574,107769,0,0,0.0,APPROACHING,2.676341498123319,0.5,0.0,0,False,
133,0.07455283395889382,-120574,107769,0,0,0.0,APPROACHING,2.683796781519208,0.5,0.0,0,False,
134,0.07206773949359743,-120574,107769,0,0,0.0,APPROACHING,2.691003555468568,0.5,0.0,0,False,
135,0.06966548151047751,-120574,107769,0,0,0.0,APPROACHING,2.6979701036196158,0.5,0.0,0,False,
136,0.06734329879346154,-120574,107769,0,0,0.0,APPROACHING,2.704704433498962,0.5,0.0,0,False,
137,0.06509852216701277,-120574,107769,0,0,0.0,APPROACHING,2.711214285715663,0.5,0.0,0,False,
138,0.06292857142811241,-120574,107769,0,0,0.0,APPROACHING,2.7175071428584743,0.5,0.0,0,False,
139,0.0608309523805087,-120574,107769,0,0,0.0,APPROACHING,2.7235902380965253,0.5,0.0,0,False,
140,0.058803253967825014,-120574,107769,0,0,0.0,APPROACHING,2.7294705634933076,0.5,0.0,0,False,
141,0.05684314550223091,-120574,107769,0,0,0.0,APPROACHING,2.735154878043531,0.5,0.0,0,False,
142,0.054948373985489844,-120574,107769,0,0,0.0,APPROACHING,2.7406497154420797,0.5,0.0,0,False,
143,0.05311676151930689,-120574,107769,0,0,0.0,APPROACHING,2.7459613915940104,0.5,0.0,0,False,
144,0.05134620280199664,-120574,107769,0,0,0.0,APPROACHING,2.75109601187421,0.5,0.0,0,False,
145,0.049634662708596775,-120574,107769,0,0,0.0,APPROACHING,2.75605947814507,0.5,0.0,0,False,
146,0.04798017395164353,-121219,108368,0,0,0.0,APPROACHING,2.7608574955402343,0.5,0.0,0,False,
147,0.04638083481992203,-121219,108368,0,0,0.0,APPROACHING,2.7654955790222266,0.5,0.0,0,False,
148,0.044834806992591236,-121219,108368,0,0,0.0,APPROACHING,2.7699790597214857,0.5,0.0,0,False,
149,0.04334031342617155,-121219,108368,0,0,0.0,APPROACHING,2.7743130910641027,0.5,0.0,0,False,
150,0.041895636311965884,-121219,108368,0,0,0.0,APPROACHING,2.7785026546952993,0.5,0.0,0,False,
151,0.04049911510156701,-121219,108368,0,0,0.0,APPROACHING,2.782552566205456,0.5,0.0,0,False,
152,0.0,-121219,108368,0,0,0.0,STOPPING,2.782552566205456,0.5,0.0,0,False,
153,0.0,-121219,108368,0,0,0.0,STOPPING,2.782552566205456,0.5,0.0,0,False,
154,0.0,-121219,108368,0,0,0.0,STOPPING,2.782552566205456,0.5,0.0,0,False,
155,0.0,-121219,108368,0,0,0.0,STEPPER_DOWN,2.782552566205456,0.5,0.0,0,False,
156,0.0,-121219,108368,0,0,0.045454545454545456,STEPPER_DOWN,2.782552566205456,0.5,0.0,0,False,
157,0.0,-121219,108368,0,0,0.09090909090909091,STEPPER_DOWN,2.782552566205456,0.5,0.0,0,False,
158,0.0,-121219,108368,0,0,0.13636363636363638,STEPPER_DOWN,2.782552566205456,0.5,0.0,0,False,
159,0.0,-121219,108368,0,0,0.18181818181818182,STEPPER_DOWN,2.782552566205456,0.5,0.0,0,False,
160,0.0,-121219,108368,0,0,0.22727272727272727,STEPPER_DOWN,2.782552566205456,0.5,0.0,0,False,
161,0.0,-121219,108368,0,0,0.2727272727272727,STEPPER_DOWN,2.782552566205456,0.5,0.0,0,False,
162,0.0,-121481,108554,0,0,0.3181818181818181,STEPPER_DOWN,2.782552566205456,0.5,0.0,0,False,
163,0.0,-121481,108554,0,0,0.3636363636363636,STEPPER_DOWN,2.782552566205456,0.5,0.0,0,False,
164,0.0,-121481,108554,0,0,0.409090909090909,STEPPER_DOWN,2.782552566205456,0.5,0.0,0,False,
165,0.0,-121481,108554,0,0,0.4545454545454545,STEPPER_DOWN,2.782552566205456,0.5,0.0,0,False,
166,0.0,-121481,108554,0,0,0.4999999999999999,STEPPER_DOWN,2.782552566205456,0.5,0.0,0,False,
167,0.0,-121481,108554,0,0,0.5454545454545454,STEPPER_DOWN,2.782552566205456,0.5,0.0,0,False,
168,0.0,-121481,108554,0,0,0.5909090909090908,STEPPER_DOWN,2.782552566205456,0.5,0.0,0,False,
169,0.0,-121481,108554,0,0,0.6363636363636364,STEPPER_DOWN,2.782552566205456,0.5,0.0,0,False,
170,0.0,-121481,108554,0,0,0.6818181818181819,STEPPER_DOWN,2.782552566205456,0.5,0.0,0,False,
171,0.0,-121481,108554,0,0,0.7272727272727274,STEPPER_DOWN,2.782552566205456,0.5,0.0,0,False,
172,0.0,-121481,108554,0,0,0.7727272727272728,STEPPER_DOWN,2.782552566205456,0.5,0.0,0,False,
173,0.0,-121481,108554,0,0,0.8181818181818183,STEPPER_DOWN,2.782552566205456,0.5,0.0,0,False,
174,0.0,-121481,108554,0,0,0.8636363636363639,STEPPER_DOWN,2.782552566205456,0.5,0.0,0,False,
175,0.0,-121481,108554,0,0,0.9090909090909092,STEPPER_DOWN,2.782552566205456,0.5,0.0,0,False,
176,0.0,-121481,108554,0,0,0.9545454545454547,STEPPER_DOWN,2.782552566205456,0.5,0.0,0,False,
177,0.0,-121481,108554,0,0,1.0,BENIH_BUKA,2.782552566205456,0.5,0.0,0,False,
178,0.0,-121481,108554,0,0,1.0,BENIH_BUKA,2.782552566205456,0.5,0.0,0,False,
179,0.0,-121481,108554,0,0,1.0,BENIH_BUKA,2.782552566205456,0.5,0.0,0,False,
180,0.0,-121481,108554,0,0,1.0,BENIH_BUKA,2.782552566205456,0.5,0.0,0,False,
181,0.0,-121481,108554,0,0,1.0,BENIH_BUKA,2.782552566205456,0.5,0.0,0,False,
182,0.0,-121481,108554,0,0,1.0,BENIH_DORONG,2.782552566205456,0.5,0.0,0,False,
183,0.0,-121481,108554,0,0,1.0,HOLDING,2.782552566205456,0.5,0.0,0,False,
184,0.0,-121481,108554,0,0,1.0,HOLDING,2.782552566205456,0.5,0.0,0,False,
185,0.0,-121481,108554,0,0,1.0,STEPPER_UP,2.782552566205456,0.5,0.0,0,False,
186,0.0,-121481,108554,0,0,0.9545454545454546,STEPPER_UP,2.782552566205456,0.5,0.0,0,False,
187,0.0,-121481,108554,0,0,0.9090909090909091,STEPPER_UP,2.782552566205456,0.5,0.0,0,False,
188,0.0,-121481,108554,0,0,0.8636363636363636,STEPPER_UP,2.782552566205456,0.5,0.0,0,False,
189,0.0,-121481,108554,0,0,0.8181818181818181,STEPPER_UP,2.782552566205456,0.5,0.0,0,False,
190,0.0,-121481,108554,0,0,0.7727272727272727,STEPPER_UP,2.782552566205456,0.5,0.0,0,False,
191,0.0,-121481,108554,0,0,0.7272727272727273,STEPPER_UP,2.782552566205456,0.5,0.0,0,False,
192,0.0,-121481,108554,0,0,0.6818181818181819,STEPPER_UP,2.782552566205456,0.5,0.0,0,False,
193,0.0,-121481,108554,0,0,0.6363636363636365,STEPPER_UP,2.782552566205456,0.5,0.0,0,False,
194,0.0,-121481,108554,0,0,0.590909090909091,STEPPER_UP,2.782552566205456,0.5,0.0,0,False,
195,0.0,-121481,108554,0,0,0.5454545454545455,STEPPER_UP,2.782552566205456,0.5,0.0,0,False,
196,0.0,-121481,108554,0,0,0.5000000000000001,STEPPER_UP,2.782552566205456,0.5,0.0,0,False,
197,0.0,-121481,108554,0,0,0.4545454545454546,STEPPER_UP,2.782552566205456,0.5,0.0,0,False,
198,0.0,-121481,108554,0,0,0.40909090909090917,STEPPER_UP,2.782552566205456,0.5,0.0,0,False,
199,0.0,-121481,108554,0,0,0.36363636363636365,STEPPER_UP,2.782552566205456,0.5,0.0,0,False,
200,0.0,-121481,108554,0,0,0.3181818181818181,STEPPER_UP,2.782552566205456,0.5,0.0,0,False,
201,0.0,-121481,108554,0,0,0.2727272727272726,STEPPER_UP,2.782552566205456,0.5,0.0,0,False,
202,0.0,-121481,108554,0,0,0.22727272727272718,STEPPER_UP,2.782552566205456,0.5,0.0,0,False,
203,0.0,-121481,108554,0,0,0.18181818181818166,STEPPER_UP,2.782552566205456,0.5,0.0,0,False,
204,0.0,-121481,108554,0,0,0.13636363636363613,STEPPER_UP,2.782552566205456,0.5,0.0,0,False,
205,0.0,-121481,108554,0,0,0.09090909090909083,STEPPER_UP,2.782552566205456,0.5,0.0,0,False,
206,0.0,-121481,108554,0,0,0.0454545454545453,STEPPER_UP,2.782552566205456,0.5,0.0,0,False,
207,0.0,-121481,108554,0,0,0.0,WAITING,2.782552566205456,0.5,0.0,0,False,
208,0.0,-121481,108554,0,0,0.0,WAITING,2.782552566205456,0.5,0.0,0,False,
209,0.0,-121481,108554,0,0,0.0,MOVING,2.782552566205456,0.5,0.0,0,False,
210,0.2,-121481,108554,0,0,0.0,MOVING,2.8025525662054562,0.5,0.0,0,False,
211,0.2,-121481,108554,0,0,0.0,MOVING,2.8225525662054562,0.5,0.0,0,False,
212,0.2,-121481,108554,0,0,0.0,MOVING,2.8425525662054563,0.5,0.0,0,False,
213,0.2,-121481,108554,0,0,0.0,MOVING,2.8625525662054563,0.5,0.0,0,False,
214,0.2,-121481,108554,0,0,0.0,MOVING,2.8825525662054563,0.5,0.0,0,False,
215,0.2,-121481,108554,0,0,0.0,MOVING,2.9025525662054563,0.5,0.0,0,False,
216,0.2,-121481,108554,0,0,0.0,MOVING,2.9225525662054563,0.5,0.0,0,False,
217,0.2,-121481,108554,0,0,0.0,MOVING,2.9425525662054564,0.5,0.0,0,False,
218,0.2,-121481,108554,0,0,0.0,MOVING,2.9625525662054564,0.5,0.0,0,False,
219,0.2,-121481,108554,0,0,0.0,MOVING,2.9825525662054564,0.5,0.0,0,False,
220,0.2,-121481,108554,0,0,0.0,MOVING,3.0025525662054564,0.5,0.0,0,False,
221,0.2,-121481,108554,0,0,0.0,MOVING,3.0225525662054564,0.5,0.0,0,False,
222,0.2,-121481,108554,0,0,0.0,MOVING,3.0425525662054564,0.5,0.0,0,False,
223,0.2,-121481,108554,0,0,0.0,MOVING,3.0625525662054565,0.5,0.0,0,False,
224,0.2,-121481,108554,0,0,0.0,MOVING,3.0825525662054565,0.5,0.0,0,False,
225,0.2,-121481,108554,0,0,0.0,MOVING,3.1025525662054565,0.5,0.0,0,False,
226,0.2,-121481,108554,0,0,0.0,MOVING,3.1225525662054565,0.5,0.0,0,False,
227,0.2,-121481,108554,0,0,0.0,MOVING,3.1425525662054565,0.5,0.0,0,False,
228,0.2,-121481,108554,0,0,0.0,MOVING,3.1625525662054566,0.5,0.0,0,False,
229,0.2,-122378,109363,0,0,0.0,MOVING,3.1825525662054566,0.5,0.0,0,False,
230,0.2,-122378,109363,0,0,0.0,MOVING,3.2025525662054566,0.5,0.0,0,False,
231,0.2,-122378,109363,0,0,0.0,MOVING,3.2225525662054566,0.5,0.0,0,False,
232,0.2,-122378,109363,0,0,0.0,MOVING,3.2425525662054566,0.5,0.0,0,False,
233,0.2,-122378,109363,0,0,0.0,MOVING,3.2625525662054566,0.5,0.0,0,False,
234,0.2,-122378,109363,0,0,0.0,MOVING,3.2825525662054567,0.5,0.0,0,False,
235,0.2,-122378,109363,0,0,0.0,MOVING,3.3025525662054567,0.5,0.0,0,False,
236,0.2,-122378,109363,0,0,0.0,MOVING,3.3225525662054567,0.5,0.0,0,False,
237,0.2,-122378,109363,0,0,0.0,MOVING,3.3425525662054567,0.5,0.0,0,False,
238,0.2,-122378,109363,0,0,0.0,MOVING,3.3625525662054567,0.5,0.0,0,False,
239,0.2,-122378,109363,0,0,0.0,MOVING,3.3825525662054567,0.5,0.0,0,False,
240,0.2,-122378,109363,0,0,0.0,MOVING,3.4025525662054568,0.5,0.0,0,False,
241,0.2,-122378,109363,0,0,0.0,MOVING,3.422552566205457,0.5,0.0,0,False,
242,0.2,-122378,109363,0,0,0.0,MOVING,3.442552566205457,0.5,0.0,0,False,
243,0.2,-122378,109363,0,0,0.0,MOVING,3.462552566205457,0.5,0.0,0,False,
244,0.2,-122378,109363,0,0,0.0,MOVING,3.482552566205457,0.5,0.0,0,False,
245,0.2,-122378,109363,0,0,0.0,MOVING,3.502552566205457,0.5,0.0,0,False,
246,0.2,-123510,110408,0,0,0.0,MOVING,3.522552566205457,0.5,0.0,0,False,
247,0.2,-123510,110408,0,0,0.0,MOVING,3.542552566205457,0.5,0.0,0,False,
248,0.2,-123510,110408,0,0,0.0,MOVING,3.562552566205457,0.5,0.0,0,False,
249,0.2,-123510,110408,0,0,0.0,MOVING,3.582552566205457,0.5,0.0,0,False,
250,0.2,-123510,110408,0,0,0.0,MOVING,3.602552566205457,0.5,0.0,0,False,
251,0.2,-123510,110408,0,0,0.0,MOVING,3.622552566205457,0.5,0.0,0,False,
252,0.2,-123510,110408,0,0,0.0,MOVING,3.642552566205457,0.5,0.0,0,False,
253,0.2,-123510,110408,0,0,0.0,MOVING,3.662552566205457,0.5,0.0,0,False,
254,0.2,-123510,110408,0,0,0.0,MOVING,3.682552566205457,0.5,0.0,0,False,
255,0.2,-123510,110408,0,0,0.0,MOVING,3.702552566205457,0.5,0.0,0,False,
256,0.19999575171273598,-123510,110408,0,0,0.0,MOVING,3.7225521413767306,0.5,0.0005990965874159012,1,False,
257,0.1999423657341892,-123510,110408,0,0,0.0,MOVING,3.7425463779490564,0.5000002090638962,0.005860523154728278,1,False,
258,0.1998800896941012,-123510,110408,0,0,0.0,MOVING,3.7625343868139063,0.5000022535458838,0.015545869842659819,1,False,
259,0.19981531386778276,-123510,110408,0,0,0.0,MOVING,3.782515917465183,0.5000076750670678,0.02942268985655142,1,False,
260,0.1997163712191899,-123510,110408,0,0,0.0,MOVING,3.802487551953785,0.5000179309578879,0.049253465308357,2,False,
261,0.19947776386919092,-123510,110408,0,0,0.0,MOVING,3.822435320970275,0.5000350787652761,0.08219594041717906,2,False,
262,0.19923323646792931,-124602,111445,0,0,0.0,MOVING,3.8423586241154943,0.5000636605521998,0.12750929977130634,2,False,
263,0.19898942160121819,-124602,111445,0,0,0.0,MOVING,3.8622575169992954,0.500107944757916,0.1844768143206262,2,False,
264,0.19867666495247016,-124602,111445,0,0,0.0,MOVING,3.8821250805140877,0.500171913125598,0.2556868452760765,3,False,
265,0.1982197421177977,-124602,111445,0,0,0.0,MOVING,3.901946857352889,0.5002603699242405,0.346659309540039,3,False,
266,0.19777110729886085,-124602,111445,0,0,0.0,MOVING,3.9217236060965908,0.5003800275635972,0.4561287665360937,3,False,
267,0.19733549496264788,-124602,111445,0,0,0.0,MOVING,3.9414565302724793,0.5005371236811798,0.5828861094727025,3,False,
268,0.1967742422906563,-124602,111445,1,0,0.0,MOVING,3.961132936246303,0.5007373042094462,0.731124823971749,4,False,
269,0.19610809038894472,-124602,111445,1,0,0.0,MOVING,3.9807421486804477,0.5009875418416148,0.903904854536525,4,False,
270,0.19546816795461175,-124602,111445,1,0,0.0,MOVING,4.000286533063489,0.5012959018961671,1.0994438781755205,4,False,
271,0.19485747819802335,-124602,111445,1,0,0.0,MOVING,4.019768693526095,0.5016697893206645,1.3160627897155397,4,False,
272,0.19402756844335386,-124602,111445,1,0,0.0,MOVING,4.039166332110873,0.5021154242550566,1.5604581138847886,5,False,
273,0.19318201735005347,-124602,111445,2,0,0.0,MOVING,4.0584773696273775,0.5026414929868103,1.8322481132426731,5,False,
274,0.1923827374680212,-124602,111445,2,0,0.0,MOVING,4.077705807286418,0.5032566043176087,2.129190184221224,5,False,
275,0.1915716214026833,-124602,111445,2,0,0.0,MOVING,4.0968497432339905,0.5039683470406238,2.4509917082994948,6,False,
276,0.19052380254858747,-124602,111445,2,0,0.0,MOVING,4.115884693727716,0.5047831188351505,2.804008861601668,6,False,
277,0.1895431800639347,-124602,111445,3,0,0.0,MOVING,4.13481631805108,0.5057103575134161,3.1854038656540955,6,False,
278,0.1886290449020531,-125684,112440,3,2,0.0,MOVING,4.153650078454946,0.5067585153528569,3.592584563998998,6,False,
279,0.1875514267842724,-125684,112440,3,2,0.0,MOVING,4.172368364402013,0.507933737924127,4.029395759976234,7,False,
280,0.18640020952877023,-125684,112440,3,2,0.0,MOVING,4.190962309650331,0.509243539903913,4.497008879480646,7,False,
281,0.18533760855173276,-125684,112440,4,2,0.0,MOVING,4.209439012994286,0.5106967174485507,4.992323417125863,7,False,
282,0.18432806433547735,-125684,112440,4,2,0.0,MOVING,4.227801892114378,0.5123007821098169,5.5133458649171905,8,False,
283,0.18301942885767397,-125684,112440,4,2,0.0,MOVING,4.246019167395352,0.5140591889828429,6.066857253477779,8,False,
284,0.09000000000000001,-125684,112440,35,2,0.0,MOVING,4.261377679010322,0.5494917004027107,-203.43471445665125,1,True,R
285,0.09000000000000001,-125684,112440,35,2,0.0,MOVING,4.254988521439887,0.5523053995393171,-204.1013811233179,1,True,R
286,0.09000000000000001,-125684,112440,35,2,0.0,MOVING,4.248632534501621,0.5551932477575912,-204.7680477899846,1,True,R
287,0.09000000000000001,-125684,112440,35,2,0.0,MOVING,4.242310578694414,0.5581548540891115,-205.43471445665128,1,True,R
288,0.09000000000000001,-125684,112440,35,2,0.0,MOVING,4.236023509909882,0.5611898175797886,-206.10138112331796,1,True,R
289,0.09000000000000001,-125684,112440,35,2,0.0,MOVING,4.229772179316497,0.5642977273441483,-206.76804778998462,1,True,R
290,0.09000000000000001,-125684,112440,35,2,0.0,MOVING,4.223557433244355,0.5674781626209583,-207.4347144566513,1,True,R
291,0.09000000000000001,-125684,112440,35,2,0.0,MOVING,4.21738011307059,0.5707306928301932,-208.101381123318,1,True,R
292,0.09000000000000001,-125684,112440,35,2,0.0,MOVING,4.211241055105471,0.5740548776313272,-208.76804778998465,1,True,R
293,0.09000000000000001,-126637,113334,35,35,0.0,MOVING,4.205141090479175,0.5774502669829508,-209.43471445665134,1,True,R
294,0.09000000000000001,-126637,113334,35,35,0.0,MOVING,4.199081045029265,0.5809164012036971,-210.10138112331802,1,True,R
295,0.09000000000000001,-126637,113334,35,35,0.0,MOVING,4.1930617391888925,0.5844528110344771,-210.76804778998468,1,True,R
296,0.09000000000000001,-126637,113334,35,35,0.0,MOVING,4.187083987875711,0.5880590177020087,-211.43471445665136,2,True,R
297,0.09000000000000001,-126637,113334,35,35,0.0,MOVING,4.181148600381562,0.5917345329836358,-212.10138112331805,2,True,R
298,0.09000000000000001,-126637,113334,35,35,0.0,MOVING,4.175256380262899,0.5954788592734248,-212.7680477899847,2,True,R
299,0.09000000000000001,-126637,113334,35,35,0.0,MOVING,4.169408125232006,0.5992914896495338,-213.4347144566514,2,True,R
300,0.09000000000000001,-126637,113334,35,35,0.0,MOVING,4.163604627049,0.6031719079428406,-214.10138112331808,2,True,R
301,0.09000000000000001,-126637,113334,35,35,0.0,MOVING,4.157846671414634,0.6071195888068238,-214.76804778998473,2,True,R
302,0.09000000000000001,-126637,113334,35,35,0.0,MOVING,4.152135037863931,0.6111339977886876,-215.43471445665142,2,True,R
303,0.09000000000000001,-126637,113334,35,35,0.0,MOVING,4.146470499660643,0.6152145914017162,-216.1013811233181,2,True,R
304,0.09000000000000001,-126637,113334,35,35,0.0,MOVING,4.140853823692571,0.6193608171988545,-216.76804778998476,2,True,R
305,0.09000000000000001,-126637,113334,35,35,0.0,MOVING,4.135285770367728,0.6235721138475009,-217.43471445665145,2,True,R
306,0.09000000000000001,-126637,113334,35,35,0.0,MOVING,4.129767093511407,0.6278479112055013,-218.10138112331813,2,True,R
307,0.09000000000000001,-126637,113334,35,35,0.0,MOVING,4.124298540264111,0.632187630398338,-218.7680477899848,3,True,R
308,0.09000000000000001,-127374,114061,35,35,0.0,MOVING,4.118880850980413,0.6365906838975012,-219.43471445665148,3,True,R
309,0.09000000000000001,-127374,114061,35,35,0.0,MOVING,4.1135147591287184,0.6410564756000285,-220.10138112331816,3,True,R
310,0.09000000000000001,-127374,114061,35,35,0.0,MOVING,4.108200991191966,0.6455844009092099,-220.76804778998482,3,True,R
311,0.09000000000000001,-127374,114061,35,35,0.0,MOVING,4.102940266569274,0.6501738468164393,-221.4347144566515,3,True,R
312,0.09000000000000001,-127374,114061,35,35,0.0,MOVING,4.097733297478544,0.6548241919842068,-222.1013811233182,3,True,R
313,0.09000000000000001,-127374,114061,35,35,0.0,MOVING,4.092580788860042,0.6595348068302167,-222.76804778998485,3,True,R
314,0.09000000000000001,-127374,114061,35,35,0.0,MOVING,4.087483438280956,0.6643050536126247,-223.43471445665153,3,True,R
315,0.09000000000000001,-127374,114061,35,35,0.0,MOVING,4.082441935840957,0.6691342865163759,-224.10138112331822,3,True,R
316,0.09000000000000001,-127374,114061,35,35,0.0,MOVING,4.077456964078775,0.6740218517406393,-224.76804778998488,3,True,R
317,0.09000000000000001,-127374,114061,35,35,0.0,MOVING,4.0725291978797875,0.6789670875873215,-225.43471445665156,3,True,R
318,0.09000000000000001,-127374,114061,35,35,0.0,MOVING,4.067659304384659,0.6839693245506496,-226.10138112331825,4,True,R
319,0.09000000000000001,-127374,114061,35,35,0.0,MOVING,4.062847942899012,0.6890278854078125,-226.76804778998493,4,True,R
320,0.09000000000000001,-127374,114061,35,35,0.0,MOVING,4.0580957648041736,0.6941420853106446,-227.4347144566516,4,True,R
321,0.09000000000000001,-127374,114061,35,35,0.0,MOVING,4.053403413468989,0.6993112318783455,-228.10138112331828,4,True,R
322,0.09000000000000001,-127374,114061,35,35,0.0,MOVING,4.0487715241627145,0.7045346252912148,-228.76804778998496,4,True,R
323,0.09000000000000001,-127374,114061,35,35,0.0,MOVING,4.044200723969017,0.7098115583853978,-229.43471445665162,4,True,R
324,0.09000000000000001,-128093,114774,35,35,0.0,MOVING,4.039691631701077,0.7151413167486245,-230.10138112331828,4,True,R
325,0.09000000000000001,-128093,114774,35,35,0.0,MOVING,4.035244857817806,0.7205231788169286,-230.768047789985,4,True,R
326,0.09000000000000001,-128093,114774,35,35,0.0,MOVING,4.030861004341208,0.7259564159723364,-231.43471445665165,4,True,R
327,0.09000000000000001,-128093,114774,35,35,0.0,MOVING,4.026540664774868,0.7314402926415098,-232.10138112331836,4,True,R
328,0.09000000000000001,-128093,114774,35,35,0.0,MOVING,4.0222844240236055,0.7369740663953309,-232.76804778998502,4,True,R
329,0.09000000000000001,-128093,114774,35,35,0.0,MOVING,4.0180928583142865,0.7425569880494155,-233.43471445665168,5,True,R
330,0.09000000000000001,-128093,114774,35,35,0.0,MOVING,4.013966535117811,0.7481883017655406,-234.10138112331833,5,True,R
331,0.09000000000000001,-128093,114774,35,35,0.0,MOVING,4.009906013072289,0.7538672451539723,-234.76804778998505,5,True,R
332,0.09000000000000001,-128093,114774,35,35,0.0,MOVING,4.0059118419074045,0.7595930493766813,-235.4347144566517,5,True,R
333,0.09000000000000001,-128093,114774,35,35,0.0,MOVING,4.001984562369998,0.7653649392514323,-236.10138112331842,5,True,R
334,0.09000000000000001,-128093,114774,35,35,0.0,MOVING,3.9981247061508522,0.7711821333567298,-236.76804778998508,5,True,R
335,0.09000000000000001,-128093,114774,35,35,0.0,MOVING,3.9943327958127126,0.7770438441376106,-237.43471445665173,5,True,R
336,0.09000000000000001,-128093,114774,35,35,0.0,MOVING,3.990609344719539,0.7829492780122667,-238.1013811233184,5,True,R
337,0.09000000000000001,-128093,114774,35,35,0.0,MOVING,3.9869548569670084,0.7888976354794828,-238.7680477899851,5,True,R
338,0.09000000000000001,-128093,114774,35,35,0.0,MOVING,3.983369827314261,0.794888111226876,-239.43471445665176,5,True,R
339,0.09000000000000001,-128817,115453,35,35,0.0,MOVING,3.9798547411169247,0.8009198942399234,-240.10138112331848,5,True,R
340,0.09000000000000001,-128817,115453,35,35,0.0,MOVING,3.9764100742614037,0.8069921679117582,-240.76804778998513,5,True,R
